ingredient,count
meatball,33
sauce,12346
bread,2509
cheese,1373
egg,4063
sausage,643
other,8850
ground_beef,36
vegetables,25280
chicken_wings,867
meat,12666
apple,1173
dairy_drink,35
noodles,11744
beef,5339
ice_cream,587
chocolate_sauce,30
blueberries,496
almonds,104
chicken,8882
shrimp,4893
tofu,1941
eggs,2365
mango,656
green_peppers,814
red_peppers,119
broth,2908
vegetable_fritters,25
oranges,118
crab,765
ground_meat,396
snack_mix,50
dumplings,2648
fried_chicken,1129
salad,1174
soup,1483
tea,32
fruit,586
sugar,534
snails,128
dipping_sauce,201
pork,2585
rice,9256
fish,3281
salmon,696
dessert,460
steak,895
corn,1260
broccoli,1045
pasta,1188
tomato_sauce,59
snack_bar,40
protein,585
pork_belly,649
peanuts,786
bun,909
crawfish,1074
green_onions,1560
tomato,1060
lemon,507
tomatoes,1411
basil,37
green_beans,712
milk,222
dumpling,244
pumpkin,184
filling,547
flour,207
pizza,1333
onions,667
cucumber,862
chili,171
chicken_drumsticks,34
ham,289
lettuce,1981
peach,438
cilantro,216
greens,1005
dough,356
lentils,83
potatoes,1628
granola,46
whipped_cream,137
cream_cheese,32
pastry,977
bell_pepper,315
lobster,361
onion,349
flatbread,433
sushi,458
cherries,327
butter,236
spices,856
green_vegetables,155
garlic,635
orange,483
oil,1343
jackfruit,48
fries,1170
carrots,887
waffle,48
duck,425
seafood,1003
watermelon,1235
bean_sprouts,117
beef_patty,363
fried_onions,37
cheddar_cheese,102
bagel,167
pickles,164
crust,53
cream,667
fufu,37
snack,839
burger,503
meatballs,602
lychee,612
samosa,26
dressing,316
berries,136
asparagus,292
mushrooms,752
sweet_potato,244
plantains,56
durian,386
passion_fruit,27
lime,206
cherry_tomatoes,169
cake,1840
plum,53
stir-fried_vegetables,81
rice_porridge,30
fried_dough,133
buns,458
bell_peppers,422
fried_snacks,97
short_ribs,79
jelly,166
peppers,135
lotus_root,164
goji_berries,64
cabbage,683
strawberries,1014
porridge,74
rice_rolls,75
seaweed,381
seasoning,329
beans,462
edamame,135
papaya,62
tuna,216
french_fries,88
ketchup,220
cone,173
yogurt,347
fruits,360
dough_balls,53
grilled_meat,89
chocolate,137
zucchini,206
olive_oil,104
oysters,434
pear,155
sunflower_seeds,64
macaron,26
croissant,157
chicken_patty,31
peaches,124
mixed_vegetables,325
grapes,684
grapefruit,48
rice_cake,58
topping,77
mussels,90
skewered_meat,52
sushi_rice,89
spring_rolls,212
peas,196
batter,226
avocado,400
nuts,476
eel,81
banana,433
melon,227
fried_tofu,49
bacon,258
sausages,342
toppings,466
pork_hock,45
side_dish,117
coconut_milk,122
bamboo_shoots,33
clams,425
pancake,148
syrup,272
salad_greens,45
roll,83
pears,43
octopus,101
bar,26
curry,120
kimchi,146
potato_chips,166
herbs,543
cupcake,52
snacks,127
longan,34
beets,37
sour_cream,103
cucumbers,521
green_onion,121
cookie,101
oats,43
bananas,311
coffee,74
chicken_feet,395
breading,142
bok_choy,216
red_pepper,94
custard,230
wasabi,143
ginger,160
hot_dog,95
cauliflower,182
spinach,276
other_vegetables,60
oyster,39
vegetable,27
omelette,39
fried_rice,196
pancakes,292
snap_peas,61
garnish,195
tapioca_pearls,110
apples,210
sides,172
cookies,230
fried_items,248
skewers,249
croutons,50
mashed_potatoes,88
kiwi,206
vegetable_dish,34
roti,27
flan,31
fruit_mix,42
parsley,63
scallops,107
sauces,186
red_chili,75
mochi,40
pineapple,327
crabs,140
insects,38
main_ingredient,37
pomegranate,55
dried_fruits,72
chicken_drumstick,38
main_dish,56
bitter_melon,78
pork_trotters,106
oatmeal,45
egg_tart,134
olives,55
celery,116
sesame_seeds,134
drink,33
wrap,200
chicken_leg,84
biscuits,41
lamb,60
chickpeas,80
candy,152
ice_cream_bar,56
pork_ribs,137
dates,73
patties,34
red_beans,95
glutinous_rice_balls,31
fried_toppings,25
raspberries,148
grains,147
omelet,107
legumes,33
chips,114
pastries,41
popsicle,40
soy_sauce,84
squid,282
onion_rings,71
carrot,180
apricots,42
dragon_fruit,213
sandwich,134
rice_paper,52
fried_meat,27
leafy_greens,87
red_bell_pepper,40
strawberry,154
gelatin,68
bread_roll,164
black_beans,38
green_bell_pepper,49
snack1,75
snack2,75
snack3,40
toast,96
mooncake,42
crackers,166
green_pepper,126
cereal,46
chili_peppers,97
pizza_slice,42
pudding,32
coleslaw,34
eggplant,353
ribs,263
roasted_chicken,36
soup_base,37
muffin,46
potato,273
buckwheat,35
minced_meat,47
blackberries,50
black_fungus,39
steamed_buns,41
black_rice,62
cashews,45
dried_chili,32
processed_meat,34
donut,35
plums,121
shaved_ice,36
stew,39
abalone,42
burger_patty,27
fried_item,88
spring_roll,25
mung_beans,29
tortilla_chips,27
rice_noodles,124
arugula,42
meat_sauce,130
rice_flour,50
coconut,87
mayonnaise,101
mangosteen,82
chicken_nuggets,46
desserts,36
sweet_potatoes,42
figs,28
pickled_vegetables,28
frosting,34
squash,66
raisins,30
caviar,29
quail_eggs,32
sesame,43
spaghetti,217
soybeans,26
cantaloupe,42
rice_cakes,99
tortilla,96
crayfish,35
honey,36
baked_goods,39
grilled_chicken,40
meat_dish,44
patty,38
scrambled_eggs,50
wafer,73
cheesecake,71
vegetable_stir-fry,39
fried_fish,84
guava,25
sweets,32
popcorn,39
other_fruits,25
cream_sauce,27
water,115
starch,45
nuggets,36
sticky_rice,46
chocolate_bar,29
snack_sticks,61
mixed_fruits,40
scallions,63
mustard,31
okra,90
tart,99
feta_cheese,44
steamed_bun,26
dried_fruit,46
quinoa,63
salami,31
biscuit,63
fritters,45
shellfish,106
liver,46
sea_urchin,36
radish,80
fried_balls,37
naan,46
rolls,34
powder,27
tapioca,29
boiled_eggs,39
mixed_greens,43
pistachios,40
espresso,26
chives,53
seeds,47
chicken_skewers,37
curry_sauce,45
sashimi,102
boiled_egg,32
napa_cabbage,52
salsa,36
candies,43
walnuts,36
fried_shrimp,29
fried_bread,32
chestnuts,36
tempura,36
fried_egg,54
loquats,25
couscous,27
daikon,31
fried_vegetables,28
fried_potatoes,32
waffles,29
sambal,37
side_dishes,74
soba_noodles,28
ice,41
apricot,25
dough_sticks,27
